,tweet_id,tweet_text,tweet_user_name,tweet_user_description,tweet_user_screen_name,tweet_user_verified,tweet_user_followers_count,tweet_user_verified,tweet_user_withheld_in_countries,tweet_user_protected,tweet_url,tweet_retweet_count,tweet_favorite_count,tweet_possibly_sensitive,annotation_rohit,annotation_mohit,annotation_soyoung,human_annotation
0,1357484131400048642id,Trevor Bauer and the #Mets have a deal.,Bob Nightengale,"USA TODAY Sports Major League Baseball columnist, @Audacy MLB radio insider, MLB Network insider, BBWAA Arizona chapter chairman, HOF voter, father/husband",BNightengale,TRUE,277480,TRUE,[],FALSE,,2083,9086,,1,0,0,0
1,1354586871897047044id,"If you want to add helpful context to any Tweet that might be misleading, open the ••• menu and then hit ""Contribut… https://t.co/p9XeBHCOR7",Birdwatch,"Empowering the Twitter community to create a better-informed world.

Questions? Tweet/DM us.",birdwatch,TRUE,26448,TRUE,[],FALSE,https://twitter.com/i/web/status/1354586871897047044,0,1,FALSE,1,1,1,1
2,1362220959659401216id,,,,,,,,,,,,,,1,0,0,0
3,1378351326120312836id,"I’ve decided to “identify” as Chinese. Coke will like me, Delta will agree with my “values” and I’ll probably get s… https://t.co/zb6Dv8rObS",Gov. Mike Huckabee,"Hosts “Huckabee"" on TBN Sat 8/11pm ET, Sun9pm ET;Fox News contributor, author, Fmr AR Gov, Bass Guitarist, grandfather of 7 cutest kids in world!",GovMikeHuckabee,TRUE,1658216,TRUE,[],FALSE,https://twitter.com/i/web/status/1378351326120312836,3541,18959,,1,0,0,0
4,1357692297245323270id,"Biden flying to Delaware despite CDC warnings to avoid travel

https://t.co/NwOhjutfDW",Fox News,"Follow America's #1 cable news network, delivering you breaking news, insightful analysis, and must-see videos. https://t.co/3gb0b8MMza",FoxNews,TRUE,20121638,TRUE,[],FALSE,https://www.foxnews.com/politics/biden-flying-to-delaware-despite-cdc-warnings-to-avoid-travel,1374,5423,FALSE,1,1,1,1
5,1356061160429285376id,Mac and cheese is terrible,🅻🅴🅴,"The birds name Is Birdadict Arnold. camping, B-list movies, good food takes and a lot of typos",lee_bail83,FALSE,1336,FALSE,[],FALSE,,2,27,,1,1,1,1
6,1374720942459478017id,Young women's self-harm celebrated in a prominent Toronto community centre's mural. https://t.co/Tdcu6HTPOS,Canadian Women's Sex-Based Rights - caWsbar 🇨🇦,"Non-partisan, volunteer coalition working to preserve the sex-based rights and protections of women and girls as enshrined in the Charter of Rights and Freedoms",cawsbar,FALSE,8047,FALSE,[],FALSE,,266,816,FALSE,0,1,1,1
7,1354587386643062789id,"If you want to add helpful context to any Tweet that might be misleading, open the ••• menu and then hit ""Contribut… https://t.co/xHAKabJuu7",Birdwatch,"Empowering the Twitter community to create a better-informed world.

Questions? Tweet/DM us.",birdwatch,TRUE,26448,TRUE,[],FALSE,https://twitter.com/i/web/status/1354587386643062789,0,0,FALSE,0,1,1,1
8,1367328864544899073id,"Every single American should be OUTRAGED by this:

Democrats just voted to ban voter ID nationwide and force every… https://t.co/rGz7VmZSDW",Steve Scalise,House Republican Whip. Dad. LSU & Saints fan. Proudly representing Louisiana’s First District.,SteveScalise,TRUE,459339,TRUE,[],FALSE,https://twitter.com/i/web/status/1367328864544899073,23481,64016,,1,0,0,0
9,1374764213982355462id,I am the daughter of the Grand Dragon of the Ku Klux Klan. 43 years ago my father massacred 30+ Vietnamese shrimper… https://t.co/AC7vzD9Xwt,Lady down in Texas,"I am the daughter of a Grand Dragon of the Ku Klux Klan. In 1978, I witnessed my father's sobbing confession to my mother. #stopAsianHate",ladydownintexas,FALSE,5593,FALSE,[],FALSE,https://twitter.com/i/web/status/1374764213982355462,10625,39774,,0,0,0,0
10,1375206545558970375id,"If you want to add helpful context to any Tweet that might be misleading, open the ••• menu and then hit ""Contribut… https://t.co/ZFM25o9KsW",Birdwatch,"Empowering the Twitter community to create a better-informed world.

Questions? Tweet/DM us.",birdwatch,TRUE,26448,TRUE,[],FALSE,https://twitter.com/i/web/status/1375206545558970375,0,0,FALSE,1,1,1,1
11,1364205185015324680id,,,,,,,,,,,,,,1,0,0,0
12,1360625071560290308id,Get suckin ho! https://t.co/F7sCuqeToR,Mr. Evolved,dungeon master patches @podaboutlist,senator_gun,FALSE,1578,FALSE,[],FALSE,https://twitter.com/gaetormom/status/1360275894502383619,4,91,FALSE,1,1,1,1
13,1370127151408705536id,"If you want to add helpful context to any Tweet that might be misleading, open the ••• menu and then hit ""Contribut… https://t.co/aRYIYV6PEq",Birdwatch,"Empowering the Twitter community to create a better-informed world.

Questions? Tweet/DM us.",birdwatch,TRUE,26448,TRUE,[],FALSE,https://twitter.com/i/web/status/1370127151408705536,0,0,FALSE,1,1,1,1
14,1375206014555877377id,"If you want to add helpful context to any Tweet that might be misleading, open the ••• menu and then hit ""Contribut… https://t.co/OMKUSaoFpM",Birdwatch,"Empowering the Twitter community to create a better-informed world.

Questions? Tweet/DM us.",birdwatch,TRUE,26448,TRUE,[],FALSE,https://twitter.com/i/web/status/1375206014555877377,0,0,FALSE,1,1,1,1
15,1362115423081099268id,"If you want to add helpful context to any Tweet that might be misleading, open the ••• menu and then hit ""Contribut… https://t.co/FDWiq4AMXP",Birdwatch,"Empowering the Twitter community to create a better-informed world.

Questions? Tweet/DM us.",birdwatch,TRUE,26448,TRUE,[],FALSE,https://twitter.com/i/web/status/1362115423081099268,0,0,FALSE,1,1,1,1
16,1361465106828300288id,"Joe Biden NEVER had a show of support like this while on the campaign trail...in any of his campaigns.

Trump WON i… https://t.co/ZhfDA3NjCB",Amy Kremer,Chair @america1stwomen; co-founder @womenfortrump PAC; former Chair #TeaParty Express; #MarchforTrump #MAGA #womenfortrump #stopthesteal https://t.co/S9HVPdbTzs,AmyKremer,TRUE,84316,TRUE,[],FALSE,https://twitter.com/i/web/status/1361465106828300288,2217,5919,FALSE,1,0,0,0
17,1356668837110906881id,,,,,,,,,,,,,,1,0,0,0
18,1375206820382314502id,"If you want to add helpful context to any Tweet that might be misleading, open the ••• menu and then hit ""Contribut… https://t.co/HCbm5EPyWi",Birdwatch,"Empowering the Twitter community to create a better-informed world.

Questions? Tweet/DM us.",birdwatch,TRUE,26448,TRUE,[],FALSE,https://twitter.com/i/web/status/1375206820382314502,0,0,FALSE,1,1,1,1
19,1354830792019505154id,"If you want to add helpful context to any Tweet that might be misleading, open the ••• menu and then hit ""Contribut… https://t.co/FYSvwuqaCv",Birdwatch,"Empowering the Twitter community to create a better-informed world.

Questions? Tweet/DM us.",birdwatch,TRUE,26448,TRUE,[],FALSE,https://twitter.com/i/web/status/1354830792019505154,0,0,FALSE,1,1,1,1
20,1375206545227571200id,"If you want to add helpful context to any Tweet that might be misleading, open the ••• menu and then hit ""Contribut… https://t.co/onxM6dELpY",Birdwatch,"Empowering the Twitter community to create a better-informed world.

Questions? Tweet/DM us.",birdwatch,TRUE,26448,TRUE,[],FALSE,https://twitter.com/i/web/status/1375206545227571200,0,0,FALSE,1,1,1,1
21,1375206360900493312id,"If you want to add helpful context to any Tweet that might be misleading, open the ••• menu and then hit ""Contribut… https://t.co/jcvioXIKI7",Birdwatch,"Empowering the Twitter community to create a better-informed world.

Questions? Tweet/DM us.",birdwatch,TRUE,26448,TRUE,[],FALSE,https://twitter.com/i/web/status/1375206360900493312,0,0,FALSE,0,1,1,1
22,1355633900744224768id,Hello. Humans have survived since the beginning of time because of God-given immune systems not government-mandated masks. Goodbye.,"Kris Held,MD","Our Rights come from God, not government. Physician/Patient/Survivor/ Wife/Mother of 4 daughters/ SmallBizOwner/Limited Government/ No Socialized Medicine/Texan",kksheld,FALSE,60839,FALSE,[],FALSE,,9440,35735,,1,0,1,1
23,1354830792166232067id,"If you want to add helpful context to any Tweet that might be misleading, open the ••• menu and then hit ""Contribut… https://t.co/722d2Vc1Ni",Birdwatch,"Empowering the Twitter community to create a better-informed world.

Questions? Tweet/DM us.",birdwatch,TRUE,26448,TRUE,[],FALSE,https://twitter.com/i/web/status/1354830792166232067,0,0,FALSE,0,1,1,1
24,1370518893547114497id,"🚨 #BREAKING 🚨

So proud to announce that the Biden Administration has just implemented my bipartisan COVID relief b… https://t.co/Dj6J3y3gMT",Rep. María Elvira Salazar,U.S. Congresswoman | Daughter of Exiles | Emmy Award-Winning Journalist | Serving on @HouseForeignGOP & @HSBCgop | #FL27☀️🌴🇺🇸,RepMariaSalazar,TRUE,18766,TRUE,[],FALSE,https://twitter.com/i/web/status/1370518893547114497,544,2405,FALSE,1,0,0,0
25,1375205784225636354id,"If you want to add helpful context to any Tweet that might be misleading, open the ••• menu and then hit ""Contribut… https://t.co/qSRqlyyWV8",Birdwatch,"Empowering the Twitter community to create a better-informed world.

Questions? Tweet/DM us.",birdwatch,TRUE,26448,TRUE,[],FALSE,https://twitter.com/i/web/status/1375205784225636354,0,0,FALSE,1,1,1,1
26,1365715622584279041id,,,,,,,,,,,,,,1,0,0,0
27,1370127152109133829id,"If you want to add helpful context to any Tweet that might be misleading, open the ••• menu and then hit ""Contribut… https://t.co/Hz5FnISVG6",Birdwatch,"Empowering the Twitter community to create a better-informed world.

Questions? Tweet/DM us.",birdwatch,TRUE,26448,TRUE,[],FALSE,https://twitter.com/i/web/status/1370127152109133829,0,0,FALSE,1,1,1,1
28,1365494919922667522id,,,,,,,,,,,,,,0,0,0,0
29,1357421787303190528id,"If you want to add helpful context to any Tweet that might be misleading, open the ••• menu and then hit ""Contribut… https://t.co/emrOHtUGdA",Birdwatch,"Empowering the Twitter community to create a better-informed world.

Questions? Tweet/DM us.",birdwatch,TRUE,26448,TRUE,[],FALSE,https://twitter.com/i/web/status/1357421787303190528,0,0,FALSE,1,1,1,1
30,1354927998831644674id,They can put up all the fencing around the capitol the real threats of @mtgreenee and @laurenboebert will still be… https://t.co/5TLAC8p9K4,David Hogg,"Good at protesting, bad at spelling | He, Him, His a @AMarch4OurLives Founder and board member contactdavidhogg@gmail.com",davidhogg111,TRUE,1120516,TRUE,[],FALSE,https://twitter.com/i/web/status/1354927998831644674,15427,73690,,1,1,1,1
31,1354587680613404673id,"If you want to add helpful context to any Tweet that might be misleading, open the ••• menu and then hit ""Contribut… https://t.co/FiKcnLb85e",Birdwatch,"Empowering the Twitter community to create a better-informed world.

Questions? Tweet/DM us.",birdwatch,TRUE,26448,TRUE,[],FALSE,https://twitter.com/i/web/status/1354587680613404673,0,0,FALSE,1,1,1,1
32,1354861396542984194id,@joefitness Welcome to Birdwatch! 🎉 You can now help identify and add valuable context to misleading Tweets. We wro… https://t.co/RQaPQzti3N,Birdwatch,"Empowering the Twitter community to create a better-informed world.

Questions? Tweet/DM us.",birdwatch,TRUE,26448,TRUE,[],FALSE,https://twitter.com/i/web/status/1354861396542984194,0,1,FALSE,1,1,1,1
33,1355198214626963457id,"A maskless Marjorie Taylor Greene &amp; her staff berated me in a hallway. She targeted me &amp; others on social media.

I… https://t.co/lWktcrAlmK",Cori Bush,"Congresswoman, MO-01. Nurse, activist, organizer, single mom, & pastor. Leading with radical love, fighting for regular people. #StLouisStrong (she/her)",CoriBush,TRUE,819496,TRUE,[],FALSE,https://twitter.com/i/web/status/1355198214626963457,79257,463794,,1,1,1,1
34,1374399831980929024id,"Sen. Padilla: ""In a majority of states, new voters are able to obtain a rifle quicker than they're able to cast the… https://t.co/UUOj87pqQM",CBS News,Your source for original reporting and trusted news.,CBSNews,TRUE,8128193,TRUE,[],FALSE,https://twitter.com/i/web/status/1374399831980929024,2098,7834,FALSE,1,0,1,1
35,1370127151765229576id,"If you want to add helpful context to any Tweet that might be misleading, open the ••• menu and then hit ""Contribut… https://t.co/xnxlfeJW2k",Birdwatch,"Empowering the Twitter community to create a better-informed world.

Questions? Tweet/DM us.",birdwatch,TRUE,26448,TRUE,[],FALSE,https://twitter.com/i/web/status/1370127151765229576,0,0,FALSE,1,1,1,1
36,1361904660622245889id,"Signing off with a final notable quote from Joe Biden during his town hall this evening: 

“Everyone knows I love k… https://t.co/yXhk5OsD4I",Kayleigh McEnany,"Co-Host @OutnumberedFNC, @FoxNews. Fmr White House Press Secretary. Harvard Law JD. Georgetown. Oxford. Previvor. Wife of @GilmartinSean. Mom of #BabyBlake.",kayleighmcenany,TRUE,1996069,TRUE,[],FALSE,https://twitter.com/i/web/status/1361904660622245889,16409,86835,,1,1,1,1
37,1354852229572931585id,@AOC Ted Cruz's resignation letter. https://t.co/EjPGz6TGXQ,The Lincoln Project,"""You cannot escape the responsibility of tomorrow by evading it today.” – Abraham Lincoln 🏴‍☠️",ProjectLincoln,FALSE,2728322,FALSE,[],FALSE,,4289,47675,FALSE,1,1,0,1
38,1357062153413529601id,FACT TWO: Trans athletes do not have an unfair advantage in sports. https://t.co/1aTLqi6A8i,ACLU,"The ACLU is a nonprofit, nonpartisan, legal and advocacy 501(c)(4) organization. Visit our site for more about us and our affiliated org, the ACLU Foundation.",ACLU,TRUE,2015665,TRUE,[],FALSE,,285,1073,FALSE,0,0,0,0
39,1357062150322352131id,FACT ONE: Trans girls are girls. https://t.co/R5OWNl5ooI,ACLU,"The ACLU is a nonprofit, nonpartisan, legal and advocacy 501(c)(4) organization. Visit our site for more about us and our affiliated org, the ACLU Foundation.",ACLU,TRUE,2015665,TRUE,[],FALSE,,229,1158,FALSE,1,0,1,1
40,1375206014484541445id,"If you want to add helpful context to any Tweet that might be misleading, open the ••• menu and then hit ""Contribut… https://t.co/54MPI7IYtX",Birdwatch,"Empowering the Twitter community to create a better-informed world.

Questions? Tweet/DM us.",birdwatch,TRUE,26448,TRUE,[],FALSE,https://twitter.com/i/web/status/1375206014484541445,0,0,FALSE,1,1,1,1
41,1362115422376534018id,"If you want to add helpful context to any Tweet that might be misleading, open the ••• menu and then hit ""Contribut… https://t.co/fCHsKa5LVq",Birdwatch,"Empowering the Twitter community to create a better-informed world.

Questions? Tweet/DM us.",birdwatch,TRUE,26448,TRUE,[],FALSE,https://twitter.com/i/web/status/1362115422376534018,0,0,FALSE,1,1,1,1
42,1357421787928088576id,"If you want to add helpful context to any Tweet that might be misleading, open the ••• menu and then hit ""Contribut… https://t.co/sVWA7MlRVk",Birdwatch,"Empowering the Twitter community to create a better-informed world.

Questions? Tweet/DM us.",birdwatch,TRUE,26448,TRUE,[],FALSE,https://twitter.com/i/web/status/1357421787928088576,0,0,FALSE,1,1,1,1
43,1375206014530691073id,"If you want to add helpful context to any Tweet that might be misleading, open the ••• menu and then hit ""Contribut… https://t.co/Dlrbwv3xwh",Birdwatch,"Empowering the Twitter community to create a better-informed world.

Questions? Tweet/DM us.",birdwatch,TRUE,26448,TRUE,[],FALSE,https://twitter.com/i/web/status/1375206014530691073,0,0,FALSE,1,1,1,1
44,1374911222361956359id,"@repmarkpocan 1/2 You don’t really believe the peeing in bottles thing, do you? If that were true, nobody would wor… https://t.co/gDke8HPsPI",Amazon News,The official account for news about @Amazon.,amazonnews,TRUE,181100,TRUE,[],FALSE,https://twitter.com/i/web/status/1374911222361956359,884,4867,,0,1,1,1
45,1354830790568202247id,"If you want to add helpful context to any Tweet that might be misleading, open the ••• menu and then hit ""Contribut… https://t.co/EZh2B86qRI",Birdwatch,"Empowering the Twitter community to create a better-informed world.

Questions? Tweet/DM us.",birdwatch,TRUE,26448,TRUE,[],FALSE,https://twitter.com/i/web/status/1354830790568202247,0,0,FALSE,1,1,1,1
46,1354848253729234944id,"I am happy to work with Republicans on this issue where there’s common ground, but you almost had me murdered 3 wee… https://t.co/R0WLAMg723",Alexandria Ocasio-Cortez,"US Representative,NY-14 (BX & Queens). In a modern, moral, & wealthy society, no American should be too poor to live. 💯% People-Funded, no lobbyist💰. She/her.",AOC,TRUE,12735313,TRUE,[],FALSE,https://twitter.com/i/web/status/1354848253729234944,133277,782649,FALSE,0,1,1,1
47,1357421076565745665id,"If you want to add helpful context to any Tweet that might be misleading, open the ••• menu and then hit ""Contribut… https://t.co/NI9qp1VkXP",Birdwatch,"Empowering the Twitter community to create a better-informed world.

Questions? Tweet/DM us.",birdwatch,TRUE,26448,TRUE,[],FALSE,https://twitter.com/i/web/status/1357421076565745665,0,0,FALSE,1,1,1,1
48,1370126042313072641id,"@wtfott Welcome to Birdwatch! 🎉 You can now add context to Tweets, and rate notes on the Birdwatch site. Check out… https://t.co/6FuFHDkmIb",Birdwatch,"Empowering the Twitter community to create a better-informed world.

Questions? Tweet/DM us.",birdwatch,TRUE,26448,TRUE,[],FALSE,https://twitter.com/i/web/status/1370126042313072641,0,0,FALSE,1,1,1,1
49,1374720942459478017id,Young women's self-harm celebrated in a prominent Toronto community centre's mural. https://t.co/Tdcu6HTPOS,Canadian Women's Sex-Based Rights - caWsbar 🇨🇦,"Non-partisan, volunteer coalition working to preserve the sex-based rights and protections of women and girls as enshrined in the Charter of Rights and Freedoms",cawsbar,FALSE,8047,FALSE,[],FALSE,,266,816,FALSE,0,1,1,1
50,1354879766843830272id,"Oh, there’s anger?

Now why would there be anger that Cruz amplified known lies about our election that fueled an i… https://t.co/kgmR6ppPJt",Alexandria Ocasio-Cortez,"US Representative,NY-14 (BX & Queens). In a modern, moral, & wealthy society, no American should be too poor to live. 💯% People-Funded, no lobbyist💰. She/her.",AOC,TRUE,12735314,TRUE,[],FALSE,https://twitter.com/i/web/status/1354879766843830272,28225,225675,FALSE,1,1,1,1
51,1362511518055694345id,Ben Rhodes told @J_Insider that @netanyahu — and all Jews — are “corrupt and cruel.” While this view is taking root… https://t.co/Bax8RO3eCs,Mike Pompeo,"Former U.S. Secretary of State, Director of the CIA, Congressman. Christian, husband, father, Army veteran, Kansan and proud American 🇺🇸",mikepompeo,TRUE,1056849,TRUE,[],FALSE,https://twitter.com/i/web/status/1362511518055694345,3317,11469,FALSE,0,0,0,0
52,1362115989458980867id,"If you want to add helpful context to any Tweet that might be misleading, open the ••• menu and then hit ""Contribut… https://t.co/UhzTSx96ms",Birdwatch,"Empowering the Twitter community to create a better-informed world.

Questions? Tweet/DM us.",birdwatch,TRUE,26448,TRUE,[],FALSE,https://twitter.com/i/web/status/1362115989458980867,0,0,FALSE,1,1,1,1
53,1379081137855688710id,These vaccine passports segregate people and strip them of their freedom to travel internationally. Vaccinations ar… https://t.co/7IM2anyzEz,Dr. Drew,Board Certified Internist • Addiction Medicine Specialist • TV Host / Podcaster • @AskDrDrew #AdamAndDrewShow #DoseOfDrDrew #YMH #DrDrewAfterDark & MTV #TeenMom,drdrew,TRUE,2675563,TRUE,[],FALSE,https://twitter.com/i/web/status/1379081137855688710,977,5841,,0,0,0,0
54,1354861326091366400id,"I think you are an absolute fool if you're paying $6-7,000 to go to the Super Bowl.",Eddie Radosevich,Staff writer/Videographer for @SoonerScoop of the Rivals network. @FranchiseOK Morning Show (6:00-10a). MidFirst Unofficial 40/Eskridge Lexus Postgame Podcast.,Eddie_Rado,TRUE,30505,TRUE,[],FALSE,,1,78,,1,1,1,1
55,1354830802748489730id,"If you want to add helpful context to any Tweet that might be misleading, open the ••• menu and then hit ""Contribut… https://t.co/31dKMPUWAx",Birdwatch,"Empowering the Twitter community to create a better-informed world.

Questions? Tweet/DM us.",birdwatch,TRUE,26448,TRUE,[],FALSE,https://twitter.com/i/web/status/1354830802748489730,0,0,FALSE,1,1,1,1
56,1354861396144476163id,@mattbot616 Welcome to Birdwatch! 🎉 You can now help identify and add valuable context to misleading Tweets. We wro… https://t.co/GBDa9O30LE,Birdwatch,"Empowering the Twitter community to create a better-informed world.

Questions? Tweet/DM us.",birdwatch,TRUE,26448,TRUE,[],FALSE,https://twitter.com/i/web/status/1354861396144476163,0,0,FALSE,1,1,1,1
57,1362139170119053322id,"Me looking at my 0 muscle being like ""Dam, I'm swoll as hell""",Ral,"I'm so tired                                         
he/him",RaulJorrin,FALSE,35,FALSE,[],FALSE,,1,1,,1,1,1,1
58,1359650012125421572id,".@SenTedCruz says #ImpeachmentTrial is like Shakespeare full of sound and fury signifying nothing. No, that’s Faulkner",Andrea Mitchell,"NBC News Chief Washington Correspondent and Chief Foreign Affairs Correspondent/Anchor, Andrea Mitchell Reports, weekdays at 12pm ET on @MSNBC.",mitchellreports,TRUE,1959665,TRUE,[],FALSE,,2121,17549,,0,1,1,1
59,1355218876506591232id,Rep. @CoriBush is the leader of the St. Louis Black Lives Matter terrorist mob who trespassed into a gated neighbor… https://t.co/xcZ3YwXXsv,Marjorie Taylor Greene 🇺🇸,"Congresswoman for Georgia's 14th CD, Christian, Wife, Mom, Small Business Owner, Proud American, 100% Pro-Life, Pro-Gun, Pro-Trump #MAGA Likes =/= Endorsements",mtgreenee,TRUE,411481,TRUE,[],FALSE,https://twitter.com/i/web/status/1355218876506591232,8290,20931,FALSE,0,0,0,0
60,1375447534991212544id,"COVID came from the Wuhan Lab of Virology in China. What has America’s national security state done about it? 

Not… https://t.co/fI7Y0Vi1ll",Emerald Robinson ✝️,"@Newsmax White House Correspondent. ""Politics is downstream of culture & culture is downstream of religion."" Join me at https://t.co/wVQsnFXLgA.",EmeraldRobinson,TRUE,362532,TRUE,[],FALSE,https://twitter.com/i/web/status/1375447534991212544,842,3314,,0,0,0,0
61,1355985174631227398id,@Noindoctrinate @Cernovich @JackPosobiec Except Lincoln project are Republicans,tom,,sadauskis17,FALSE,168,FALSE,[],FALSE,,0,4,,1,0,0,0
62,1375206014832664576id,"If you want to add helpful context to any Tweet that might be misleading, open the ••• menu and then hit ""Contribut… https://t.co/STh2Pxvneb",Birdwatch,"Empowering the Twitter community to create a better-informed world.

Questions? Tweet/DM us.",birdwatch,TRUE,26448,TRUE,[],FALSE,https://twitter.com/i/web/status/1375206014832664576,0,0,FALSE,1,1,1,1
63,1354830802098343939id,"If you want to add helpful context to any Tweet that might be misleading, open the ••• menu and then hit ""Contribut… https://t.co/UK8Z6Ff3rn",Birdwatch,"Empowering the Twitter community to create a better-informed world.

Questions? Tweet/DM us.",birdwatch,TRUE,26448,TRUE,[],FALSE,https://twitter.com/i/web/status/1354830802098343939,0,0,FALSE,1,1,1,1
64,1370127148866957312id,"@shanecelis Welcome to Birdwatch! 🎉 You can now add context to Tweets, and rate notes on the Birdwatch site. Check… https://t.co/VwtSoh6tKJ",Birdwatch,"Empowering the Twitter community to create a better-informed world.

Questions? Tweet/DM us.",birdwatch,TRUE,26448,TRUE,[],FALSE,https://twitter.com/i/web/status/1370127148866957312,0,1,FALSE,1,1,1,1
65,1372203730481864713id,"""Yesterday was a really bad day for him and this is what he did"" -- a law enforcement official explains Robert Aaro… https://t.co/w45sJL7eNx",Aaron Rupar,journalist @voxdotcom. On parental leave until June.,atrupar,TRUE,678907,TRUE,[],FALSE,https://twitter.com/i/web/status/1372203730481864713,9244,30143,FALSE,1,1,1,1
66,1375206360330104834id,"If you want to add helpful context to any Tweet that might be misleading, open the ••• menu and then hit ""Contribut… https://t.co/3Q9A8cx7lo",Birdwatch,"Empowering the Twitter community to create a better-informed world.

Questions? Tweet/DM us.",birdwatch,TRUE,26448,TRUE,[],FALSE,https://twitter.com/i/web/status/1375206360330104834,0,0,FALSE,1,1,1,1
67,1374911222361956359id,"@repmarkpocan 1/2 You don’t really believe the peeing in bottles thing, do you? If that were true, nobody would wor… https://t.co/gDke8HPsPI",Amazon News,The official account for news about @Amazon.,amazonnews,TRUE,181100,TRUE,[],FALSE,https://twitter.com/i/web/status/1374911222361956359,884,4867,,0,1,1,1
68,1373639730206814216id,"Today’s center of the #COVIDIOTS universe is Miami Beach, Florida. https://t.co/Wo8JeNfDFa",Fernand R. Amandi,"Our long national nightmare is over! Believe in family, freedom, democracy and @TheBeatles. B&A Pres, @MSNBC analyst, @univmiami Prof + #StrangeDaysPodcast host",AmandiOnAir,TRUE,94885,TRUE,[],FALSE,,2762,10773,FALSE,1,0,1,1
69,1362116843918356481id,"If you want to add helpful context to any Tweet that might be misleading, open the ••• menu and then hit ""Contribut… https://t.co/CS4wbIJOYt",Birdwatch,"Empowering the Twitter community to create a better-informed world.

Questions? Tweet/DM us.",birdwatch,TRUE,26448,TRUE,[],FALSE,https://twitter.com/i/web/status/1362116843918356481,0,0,FALSE,1,1,1,1
70,1370126574180200448id,"@maddiecw3 Welcome to Birdwatch! 🎉 You can now add context to Tweets, and rate notes on the Birdwatch site. Check o… https://t.co/p0HFiHvlZl",Birdwatch,"Empowering the Twitter community to create a better-informed world.

Questions? Tweet/DM us.",birdwatch,TRUE,26448,TRUE,[],FALSE,https://twitter.com/i/web/status/1370126574180200448,0,1,FALSE,1,1,1,1
71,1348023263205720073id,"President Trump last month urged the chief investigator for the Georgia secretary of state's office to ""find the fr… https://t.co/S57lVI9Shj",CNN,It’s our job to #GoThere & tell the most difficult stories. Join us! For more breaking news updates follow @CNNBRK & download our app https://t.co/UCHG9M367J,CNN,TRUE,53826824,TRUE,[],FALSE,https://twitter.com/i/web/status/1348023263205720073,256,978,FALSE,0,1,1,1
72,1375206360590131201id,"If you want to add helpful context to any Tweet that might be misleading, open the ••• menu and then hit ""Contribut… https://t.co/ienB25ncxe",Birdwatch,"Empowering the Twitter community to create a better-informed world.

Questions? Tweet/DM us.",birdwatch,TRUE,26448,TRUE,[],FALSE,https://twitter.com/i/web/status/1375206360590131201,0,0,FALSE,1,1,1,1
73,1375562706401566726id,The Georgia voting law — like so many others being pursued by Republicans in statehouses across the country — is a… https://t.co/5MOywdTsGJ,President Biden,"46th President of the United States, husband to @FLOTUS, proud dad & pop. Tweets may be archived: https://t.co/IURuMIrzxb",POTUS,TRUE,11325813,TRUE,[],FALSE,https://twitter.com/i/web/status/1375562706401566726,19745,107737,,0,1,1,1
74,1362115421701169156id,"If you want to add helpful context to any Tweet that might be misleading, open the ••• menu and then hit ""Contribut… https://t.co/Dlhn2VeXBS",Birdwatch,"Empowering the Twitter community to create a better-informed world.

Questions? Tweet/DM us.",birdwatch,TRUE,26448,TRUE,[],FALSE,https://twitter.com/i/web/status/1362115421701169156,0,0,FALSE,1,1,1,1
75,1375205784242454528id,"If you want to add helpful context to any Tweet that might be misleading, open the ••• menu and then hit ""Contribut… https://t.co/O0p5or5vhd",Birdwatch,"Empowering the Twitter community to create a better-informed world.

Questions? Tweet/DM us.",birdwatch,TRUE,26448,TRUE,[],FALSE,https://twitter.com/i/web/status/1375205784242454528,0,0,FALSE,1,1,1,1
76,1372368730093670400id,"The Atlanta shooter blamed a specific race of people for his problems, and then murdered them because of it. If tha… https://t.co/ya27izULtc",The Daily Show,Trevor Noah and The Daily Show News Team. Weeknights 11/10c on @ComedyCentral. Visit https://t.co/3BZcz6Lcw5 to take action against the issues you care about,TheDailyShow,TRUE,9472460,TRUE,[],FALSE,https://twitter.com/i/web/status/1372368730093670400,15025,45396,FALSE,0,1,1,1
77,1375206545215004675id,"If you want to add helpful context to any Tweet that might be misleading, open the ••• menu and then hit ""Contribut… https://t.co/tt504vzWvD",Birdwatch,"Empowering the Twitter community to create a better-informed world.

Questions? Tweet/DM us.",birdwatch,TRUE,26448,TRUE,[],FALSE,https://twitter.com/i/web/status/1375206545215004675,0,0,FALSE,1,1,1,1
78,1366455114676977670id,And if you don’t think these mRNA vaccines can kill healthy people - as in directly lead to their deaths - you tell… https://t.co/zE0nYLfmdJ,Alex Berenson,Author of Tell Your Children. Revolting. Nowadays you can’t be too sentimental,AlexBerenson,TRUE,247469,TRUE,[],FALSE,https://twitter.com/i/web/status/1366455114676977670,1111,1976,FALSE,0,0,0,0
79,1370524129212964867id,@ashleevance For sure wise for elderly or immunocompromised to take the vaccine. Some debate about the second jab t… https://t.co/UkNNgAIXLm,Elon Musk,,elonmusk,TRUE,55979585,TRUE,[],FALSE,https://twitter.com/i/web/status/1370524129212964867,438,8862,,0,1,1,1
80,1374720942459478017id,Young women's self-harm celebrated in a prominent Toronto community centre's mural. https://t.co/Tdcu6HTPOS,Canadian Women's Sex-Based Rights - caWsbar 🇨🇦,"Non-partisan, volunteer coalition working to preserve the sex-based rights and protections of women and girls as enshrined in the Charter of Rights and Freedoms",cawsbar,FALSE,8047,FALSE,[],FALSE,,266,816,FALSE,0,1,1,1
81,1367105238440808450id,Joe Biden never said this. Dan Crenshaw is lying. https://t.co/PSE8sPQq3f,Aaron Rupar,journalist @voxdotcom. On parental leave until June.,atrupar,TRUE,678907,TRUE,[],FALSE,,1609,6318,FALSE,1,1,1,1
82,1357740302631661570id,"Del. McGuire is right. We have a drug problem in Virginia, and legalizing marijuana will only lead to more marijuan… https://t.co/H099jyznFW",Governor Elect Amanda Chase (VA),Reps #Virginia's 11th. 2021 Republican candidate for Governor. Follow on Parler. All tweets by Kelly (not Sen Chase) unless noted otherwise. Fan acct.,SenAmandaChase,FALSE,587,FALSE,[],FALSE,https://twitter.com/i/web/status/1357740302631661570,1402,3377,FALSE,0,0,0,0
83,1377614474862006279id,"This is my Covid protection 💪

#MakeAmericaHealthyAgain

It’s time to #FireFauci https://t.co/IgWlTJyBYQ",Marjorie Taylor Greene 🇺🇸,"Congresswoman for Georgia's 14th CD, Christian, Wife, Mom, Small Business Owner, Proud American, 100% Pro-Life, Pro-Gun, Pro-Trump #MAGA Likes =/= Endorsements",mtgreenee,TRUE,411481,TRUE,[],FALSE,,5043,34297,FALSE,0,0,1,0
84,1375206360787247106id,"If you want to add helpful context to any Tweet that might be misleading, open the ••• menu and then hit ""Contribut… https://t.co/qUdvhovOwI",Birdwatch,"Empowering the Twitter community to create a better-informed world.

Questions? Tweet/DM us.",birdwatch,TRUE,26448,TRUE,[],FALSE,https://twitter.com/i/web/status/1375206360787247106,0,0,FALSE,1,1,1,1
85,1370126847204200449id,"If you want to add helpful context to any Tweet that might be misleading, open the ••• menu and then hit ""Contribut… https://t.co/Ef7UgPdUXp",Birdwatch,"Empowering the Twitter community to create a better-informed world.

Questions? Tweet/DM us.",birdwatch,TRUE,26448,TRUE,[],FALSE,https://twitter.com/i/web/status/1370126847204200449,0,0,FALSE,1,1,1,1
86,1370126045119016962id,"If you want to add helpful context to any Tweet that might be misleading, open the ••• menu and then hit ""Contribut… https://t.co/yiiT3QnyYN",Birdwatch,"Empowering the Twitter community to create a better-informed world.

Questions? Tweet/DM us.",birdwatch,TRUE,26448,TRUE,[],FALSE,https://twitter.com/i/web/status/1370126045119016962,0,0,FALSE,1,1,1,1
87,1362116845789085696id,"If you want to add helpful context to any Tweet that might be misleading, open the ••• menu and then hit ""Contribut… https://t.co/NftInBt8Ae",Birdwatch,"Empowering the Twitter community to create a better-informed world.

Questions? Tweet/DM us.",birdwatch,TRUE,26448,TRUE,[],FALSE,https://twitter.com/i/web/status/1362116845789085696,0,0,FALSE,1,1,1,1
88,1370126577372045313id,"If you want to add helpful context to any Tweet that might be misleading, open the ••• menu and then hit ""Contribut… https://t.co/DR16sOISKp",Birdwatch,"Empowering the Twitter community to create a better-informed world.

Questions? Tweet/DM us.",birdwatch,TRUE,26448,TRUE,[],FALSE,https://twitter.com/i/web/status/1370126577372045313,0,0,FALSE,1,1,1,1
89,1354823209179222018id,CNN making shit up as they go. https://t.co/lw051SZVn8,Art TakingBack 🇺🇸,"""It's better to fight for something in life than to die for nothing.""",ArtValley818_,FALSE,102951,FALSE,[],FALSE,,1391,3512,FALSE,0,0,0,0
90,1354861396945559552id,@THEJATMN Welcome to Birdwatch! 🎉 You can now help identify and add valuable context to misleading Tweets. We wrote… https://t.co/5XjMNbWk2l,Birdwatch,"Empowering the Twitter community to create a better-informed world.

Questions? Tweet/DM us.",birdwatch,TRUE,26448,TRUE,[],FALSE,https://twitter.com/i/web/status/1354861396945559552,0,1,FALSE,1,1,1,1
91,1375206545563152387id,"If you want to add helpful context to any Tweet that might be misleading, open the ••• menu and then hit ""Contribut… https://t.co/tY0iLXj7BK",Birdwatch,"Empowering the Twitter community to create a better-informed world.

Questions? Tweet/DM us.",birdwatch,TRUE,26448,TRUE,[],FALSE,https://twitter.com/i/web/status/1375206545563152387,0,0,FALSE,1,1,1,1
92,1357421548219469824id,"If you want to add helpful context to any Tweet that might be misleading, open the ••• menu and then hit ""Contribut… https://t.co/IIHsBRilvp",Birdwatch,"Empowering the Twitter community to create a better-informed world.

Questions? Tweet/DM us.",birdwatch,TRUE,26448,TRUE,[],FALSE,https://twitter.com/i/web/status/1357421548219469824,0,0,FALSE,1,1,1,1
93,1375206820097105921id,"If you want to add helpful context to any Tweet that might be misleading, open the ••• menu and then hit ""Contribut… https://t.co/XT1YAKR6gs",Birdwatch,"Empowering the Twitter community to create a better-informed world.

Questions? Tweet/DM us.",birdwatch,TRUE,26448,TRUE,[],FALSE,https://twitter.com/i/web/status/1375206820097105921,0,0,FALSE,1,1,1,1
94,795999059987173377id,Hey 🇺🇸Trump Supporters🇺🇸! Skip poll lines at #Election2016 and TEXT in your vote! Text votes are legit. Or vote tom… https://t.co/aDPPHCv9yT,Kristina Wong ❄️,“TOP10 moments Political Comedy”-Salon “Truly Sickening”-Infowars| Elected rep Ktown| Creator #RadicalCramSchool #KristinaWongforPublicOffice #AuntieSewingSquad,mskristinawong,TRUE,28691,TRUE,[],FALSE,https://twitter.com/i/web/status/795999059987173377,702,1129,FALSE,1,0,0,0
95,1354861395695656960id,@pithyaphorism Welcome to Birdwatch! 🎉 You can now help identify and add valuable context to misleading Tweets. We… https://t.co/cubS9wpUHA,Birdwatch,"Empowering the Twitter community to create a better-informed world.

Questions? Tweet/DM us.",birdwatch,TRUE,26448,TRUE,[],FALSE,https://twitter.com/i/web/status/1354861395695656960,0,0,FALSE,1,1,1,1
96,1375206358304186377id,"@_jake_holland Welcome to Birdwatch! 🎉 You can now add context to Tweets, and rate notes on the Birdwatch site. Che… https://t.co/nydXYKG7Sa",Birdwatch,"Empowering the Twitter community to create a better-informed world.

Questions? Tweet/DM us.",birdwatch,TRUE,26448,TRUE,[],FALSE,https://twitter.com/i/web/status/1375206358304186377,0,1,FALSE,1,1,1,1
97,1375206358270631937id,"@ElijahLynn Welcome to Birdwatch! 🎉 You can now add context to Tweets, and rate notes on the Birdwatch site. Check… https://t.co/w27DOYYVbZ",Birdwatch,"Empowering the Twitter community to create a better-informed world.

Questions? Tweet/DM us.",birdwatch,TRUE,26448,TRUE,[],FALSE,https://twitter.com/i/web/status/1375206358270631937,0,0,FALSE,1,1,1,1
98,1362594887808466944id,Not only did Senator Ted Cruz &amp; his family abandon the people of #Texas for a vacation in #Cancun during the winter… https://t.co/oxSFBtpkp5,AprilDRyan,White House Correspondent @theGrio | Political Analyst for @CNN | Author | Booking Contact: pam@smgspeakers.com,AprilDRyan,TRUE,737000,TRUE,[],FALSE,https://twitter.com/i/web/status/1362594887808466944,508,1688,FALSE,1,0,0,0
99,1354828517654077441id,This is not a man of faith. He pretends and does evil. https://t.co/j0s8ddtPBE,Jenna Ellis,Attorney. 🗳Chair @Greatness_Fund 🎙Just The Truth @RealAmVoice 📺@newsmax ⚖️Special Counsel @ThomasMoreSoc 🇺🇸Fmr Senior Legal Adviser & Counsel @POTUS45,JennaEllisEsq,TRUE,872739,TRUE,[],FALSE,https://www.google.com/amp/s/www.cbsnews.com/amp/news/biden-reverse-anti-abortion-rights-policies-executive-order/,6870,27133,FALSE,0,1,1,1
100,1358810121183330304id,"No, Rep. Maxine Waters didn’t say Trump supporters are ""not welcome here"" https://t.co/KaWVqnA8PH https://t.co/HVQMb6deR1",PolitiFact,Home of the Truth-O-Meter and independent fact-checking. Part of @Poynter. Sign up for our newsletter: https://t.co/uj7NlGB468,PolitiFact,TRUE,694708,TRUE,[],FALSE,http://bit.ly/39ZYKZ3,178,399,FALSE,1,1,1,1
101,1375206014492942341id,"If you want to add helpful context to any Tweet that might be misleading, open the ••• menu and then hit ""Contribut… https://t.co/lEjsgeoYOh",Birdwatch,"Empowering the Twitter community to create a better-informed world.

Questions? Tweet/DM us.",birdwatch,TRUE,26448,TRUE,[],FALSE,https://twitter.com/i/web/status/1375206014492942341,0,0,FALSE,1,1,1,1
102,1370126844251435008id,"@coreymahair Welcome to Birdwatch! 🎉 You can now add context to Tweets, and rate notes on the Birdwatch site. Check… https://t.co/PN4HsPSKcP",Birdwatch,"Empowering the Twitter community to create a better-informed world.

Questions? Tweet/DM us.",birdwatch,TRUE,26448,TRUE,[],FALSE,https://twitter.com/i/web/status/1370126844251435008,0,0,FALSE,1,1,1,1
103,1370110240532930563id,NO WAYY WHY IS NOONE TALKING ABOUT THIS https://t.co/Jv3a9cIw7j,zyye,"i make minecraft videos to 150k people 😌

he/him",zyyes,FALSE,5253,FALSE,[],FALSE,,1048,14511,FALSE,0,0,0,0
104,712708069369782272id,Let the people trade.,Robinhood,Democratizing finance for all. Securities by Robinhood Financial (Member SIPC) Crypto by Robinhood Crypto (licensed by NY Dept. Financial Services),RobinhoodApp,TRUE,472164,TRUE,[],FALSE,,20834,37466,,1,1,0,1
105,1355021260900589570id,The CEO of Robinhood is Ghislane Maxwells son! https://t.co/IE3aymWCSb,Tim Dillon,Stand up comic. CEO of Fake Business. Podcast: The Tim Dillon Show Merch: https://t.co/PXodf4O55N Insta:TimJDillon,TimJDillon,TRUE,365327,TRUE,[],FALSE,,2971,19834,FALSE,1,0,0,0
106,1354830795391655943id,"If you want to add helpful context to any Tweet that might be misleading, open the ••• menu and then hit ""Contribut… https://t.co/FOm6KcRYvI",Birdwatch,"Empowering the Twitter community to create a better-informed world.

Questions? Tweet/DM us.",birdwatch,TRUE,26448,TRUE,[],FALSE,https://twitter.com/i/web/status/1354830795391655943,0,0,FALSE,1,1,1,1
107,1362116401280937986id,"If you want to add helpful context to any Tweet that might be misleading, open the ••• menu and then hit ""Contribut… https://t.co/PYZsWleCVu",Birdwatch,"Empowering the Twitter community to create a better-informed world.

Questions? Tweet/DM us.",birdwatch,TRUE,26448,TRUE,[],FALSE,https://twitter.com/i/web/status/1362116401280937986,0,0,FALSE,1,1,1,1
108,1354830802358419459id,"If you want to add helpful context to any Tweet that might be misleading, open the ••• menu and then hit ""Contribut… https://t.co/Cfvj852Dh5",Birdwatch,"Empowering the Twitter community to create a better-informed world.

Questions? Tweet/DM us.",birdwatch,TRUE,26448,TRUE,[],FALSE,https://twitter.com/i/web/status/1354830802358419459,0,0,FALSE,1,1,1,1
109,1382011735339454464id,,,,,,,,,,,,,,0,0,0,0
110,1374911222361956359id,"@repmarkpocan 1/2 You don’t really believe the peeing in bottles thing, do you? If that were true, nobody would wor… https://t.co/gDke8HPsPI",Amazon News,The official account for news about @Amazon.,amazonnews,TRUE,181100,TRUE,[],FALSE,https://twitter.com/i/web/status/1374911222361956359,884,4867,,0,1,1,1
111,1354085726477045764id,"The Democrats want to make sure that every dead, double, illegal and fraudulent vote will be counted for years to c… https://t.co/MSSWgVhp8l",Tomi Lahren,Fox Nation Host. Faith. Family. Freedom. Final Thoughts. https://t.co/1pXmBlysWg,TomiLahren,TRUE,1619901,TRUE,[],FALSE,https://twitter.com/i/web/status/1354085726477045764,224,1852,,0,0,0,0
112,1357422021005615107id,"If you want to add helpful context to any Tweet that might be misleading, open the ••• menu and then hit ""Contribut… https://t.co/DMUBX3Y7AF",Birdwatch,"Empowering the Twitter community to create a better-informed world.

Questions? Tweet/DM us.",birdwatch,TRUE,26448,TRUE,[],FALSE,https://twitter.com/i/web/status/1357422021005615107,0,1,FALSE,1,1,1,1
113,1374910217771749380id,chrissy teigen is one of a handful — and I mean a tiny handful — of voices on the left who are smart and not in den… https://t.co/TAC5Nm4lc8,kim possible facts,scurrilous boy. not actually kim possible.,kimpossiblefact,FALSE,37021,FALSE,[],FALSE,https://twitter.com/i/web/status/1374910217771749380,182,5469,FALSE,1,1,1,1
114,1375218501380620289id,#BREAKING: Arkansas Governor @AsaHutchinson has signed #SB354. This cruel and harmful bill will ban trans girls fro… https://t.co/PPd4dJZt6F,Human Rights Campaign,"HRC is the nation’s largest LGBTQ civil rights organization. We envision a world where LGBTQ people are ensured equality at home, at work & in every community.",HRC,TRUE,832835,TRUE,[],FALSE,https://twitter.com/i/web/status/1375218501380620289,148,305,,1,0,0,0
115,1361712460441542660id,It takes a special kind of stupidity to run out of energy in Texas. @TuckerCarlson does a great job here of exposin… https://t.co/LhNNhfAw6O,Lauren Boebert,Lauren Boebert for Congress Account: Congressman for CO-03. Owner of Shooters Grill. I’m the mom who told Beto HELL NO you’re not taking our guns!,laurenboebert,TRUE,603174,TRUE,[],FALSE,https://twitter.com/i/web/status/1361712460441542660,3023,8088,FALSE,0,1,0,0
116,1364719403498164226id,"Our neighbor, @RepMarieNewman, wants to pass the so-called ""Equality"" Act to destroy women’s rights and religious f… https://t.co/MfWIpwmQqf",Rep. Marjorie Taylor Greene,"Wife, Mother, and Congresswoman representing Georgia’s 14th District",RepMTG,TRUE,239798,TRUE,[],FALSE,https://twitter.com/i/web/status/1364719403498164226,9651,47065,FALSE,0,0,0,0
117,1365761173132566528id,"No, President Biden did not tweet about ""minorities not being able to use the internet.""​  https://t.co/5K05vbVG3N",ABC11 EyewitnessNews,ABC11 WTVD Eyewitness News Raleigh Durham Fayetteville,ABC11_WTVD,TRUE,276972,TRUE,[],FALSE,https://abc11.com/10375915/,107,218,FALSE,1,1,0,1
118,1354861396433887232id,@jeremiah_54 Welcome to Birdwatch! 🎉 You can now help identify and add valuable context to misleading Tweets. We wr… https://t.co/1Jgcr68n3u,Birdwatch,"Empowering the Twitter community to create a better-informed world.

Questions? Tweet/DM us.",birdwatch,TRUE,26448,TRUE,[],FALSE,https://twitter.com/i/web/status/1354861396433887232,0,0,FALSE,1,1,1,1
119,1354830792095002627id,"If you want to add helpful context to any Tweet that might be misleading, open the ••• menu and then hit ""Contribut… https://t.co/Z3LOefJHG7",Birdwatch,"Empowering the Twitter community to create a better-informed world.

Questions? Tweet/DM us.",birdwatch,TRUE,26448,TRUE,[],FALSE,https://twitter.com/i/web/status/1354830792095002627,0,0,FALSE,1,1,1,1
120,1356667908697554951id,,,,,,,,,,,,,,0,0,0,0
121,1354861109451264000id,"If you want to add helpful context to any Tweet that might be misleading, open the ••• menu and then hit ""Contribut… https://t.co/zF25GN2XM6",Birdwatch,"Empowering the Twitter community to create a better-informed world.

Questions? Tweet/DM us.",birdwatch,TRUE,26448,TRUE,[],FALSE,https://twitter.com/i/web/status/1354861109451264000,0,0,FALSE,1,1,1,1
122,1362811514172755969id,,,,,,,,,,,,,,0,0,0,0
123,1375206820210376706id,"If you want to add helpful context to any Tweet that might be misleading, open the ••• menu and then hit ""Contribut… https://t.co/4kpGoPfcAm",Birdwatch,"Empowering the Twitter community to create a better-informed world.

Questions? Tweet/DM us.",birdwatch,TRUE,26448,TRUE,[],FALSE,https://twitter.com/i/web/status/1375206820210376706,0,0,FALSE,1,1,1,1
124,1358485526421110789id,"Antifa and BLM attack DC like they helped organize the January 6 attack on Congress. However, so far their role is being concealed.",Rudy W. Giuliani,Listen to the Common Sense podcast through the link below or on your audio podcast apps. 🇺🇸,RudyGiuliani,TRUE,1152144,TRUE,[],FALSE,,11743,39305,,0,0,0,0
125,1362025718541148164id,BREAKING NEWS: Kayleigh McEnany just accepted a job offer to be the press secretary for North Korea’s Human Rights Committee.,The Halfway Post,"Liberal satire & comedy. I don't report the facts, I improve them. Check out my book: ""Satire In The Trump Years"" (link ⬇️)",HalfwayPost,FALSE,12016,FALSE,[],FALSE,,807,6354,,1,1,0,1
126,1357025133219700737id,"This is the latest manipulative take on the right.

They are manipulating the fact that most people don’t know the… https://t.co/YcZdWLnl91",Alexandria Ocasio-Cortez,"US Representative,NY-14 (BX & Queens). In a modern, moral, & wealthy society, no American should be too poor to live. 💯% People-Funded, no lobbyist💰. She/her.",AOC,TRUE,12735316,TRUE,[],FALSE,https://twitter.com/i/web/status/1357025133219700737,20628,140883,FALSE,1,1,0,1
127,1360695513100603394id,white supremacy wins again,Meena Harris,"she/her • proud Oakland native, mom, lawyer, founder, and #1 New York Times bestselling author • BLACK LIVES MATTER",meena,TRUE,719362,TRUE,[],FALSE,,7878,63602,,1,0,1,1
128,1362539576963837952id,The hypocrisy of those trying to cancel Ted Cruz who have been totally silent on their Democrat Governor’s incompet… https://t.co/zjI2irdAKS,Donald Trump Jr.,"EVP of Development & Acquisitions The @Trump Organization, Father, Outdoorsman, In a past life Boardroom Advisor on The Apprentice, Pronouns: Your Hero",DonaldJTrumpJr,TRUE,6851285,TRUE,[],FALSE,https://twitter.com/i/web/status/1362539576963837952,3938,19227,FALSE,1,0,0,0
129,1354861397029478402id,@Shake666Pro Welcome to Birdwatch! 🎉 You can now help identify and add valuable context to misleading Tweets. We wr… https://t.co/763buGATPj,Birdwatch,"Empowering the Twitter community to create a better-informed world.

Questions? Tweet/DM us.",birdwatch,TRUE,26448,TRUE,[],FALSE,https://twitter.com/i/web/status/1354861397029478402,0,1,FALSE,1,1,1,1
130,1376492295000891396id,"New #FactChecker --&gt; No, Delaware doesn’t specifically prohibit food or water at the polls like Georgia  https://t.co/Jlpq25ACDg",Glenn Kessler,"Editor/chief writer of Washington Post's Fact Checker, revealing the truth behind the rhetoric. I tweet articles & comments I find interesting or provocative.",GlennKesslerWP,TRUE,148110,TRUE,[],FALSE,https://www.washingtonpost.com/politics/2021/03/29/no-delaware-doesnt-specifically-prohibit-food-or-water-polls-like-georgia/?tid=ss_tw,58,123,FALSE,1,1,0,1
131,1354870146217746434id,I'm constantly reminded of that awful Saturday morning 10 years ago when Gabby Giffords was shot. The GOP is playin… https://t.co/ZZjUs78OLA,Doug Heye,"North Carolinian. Former Capitol Hill, RNC, campaign flack. Ex-CNN’er, Harvard IOP fellow. Tar Heels, Yankees, Sinatra, Springsteen, Lexington-style BBQ fan.",DougHeye,TRUE,23737,TRUE,[],FALSE,https://twitter.com/i/web/status/1354870146217746434,130,481,FALSE,1,1,1,1
132,1362116398659502082id,"If you want to add helpful context to any Tweet that might be misleading, open the ••• menu and then hit ""Contribut… https://t.co/3wwFS6ZThv",Birdwatch,"Empowering the Twitter community to create a better-informed world.

Questions? Tweet/DM us.",birdwatch,TRUE,26448,TRUE,[],FALSE,https://twitter.com/i/web/status/1362116398659502082,0,0,FALSE,1,1,1,1
133,1354889772901277703id,"You heard it here first:

If we do not CONTAIN Trump by impeachment or indictment, in a few months he will start to… https://t.co/C6pnGMRNw0","Pam Keith, Esq.","Exec. Dir Fight 4 FL’s Future, 2020 Dem Cong. Nominee, ex-Navy JAG, litigator & expert on workplace law. BC Law Grad. AKA💚💗 (she/her)",PamKeithFL,TRUE,135914,TRUE,[],FALSE,https://twitter.com/i/web/status/1354889772901277703,17114,50693,,0,1,0,0
134,1354861397423738886id,@superdumb Welcome to Birdwatch! 🎉 You can now help identify and add valuable context to misleading Tweets. We wrot… https://t.co/wJKP6il8sR,Birdwatch,"Empowering the Twitter community to create a better-informed world.

Questions? Tweet/DM us.",birdwatch,TRUE,26448,TRUE,[],FALSE,https://twitter.com/i/web/status/1354861397423738886,0,1,FALSE,1,1,1,1
135,1362115989341564928id,"If you want to add helpful context to any Tweet that might be misleading, open the ••• menu and then hit ""Contribut… https://t.co/rU5Tiwkuu6",Birdwatch,"Empowering the Twitter community to create a better-informed world.

Questions? Tweet/DM us.",birdwatch,TRUE,26448,TRUE,[],FALSE,https://twitter.com/i/web/status/1362115989341564928,0,0,FALSE,1,1,1,1
136,1371214464498946049id,"As I have said repeatedly, my children have all received their routine vaccinations on schedule (as I did as a chil… https://t.co/MLvdRvSEFj",Alex Berenson,Author of Tell Your Children. Revolting. Nowadays you can’t be too sentimental,AlexBerenson,TRUE,247469,TRUE,[],FALSE,https://twitter.com/i/web/status/1371214464498946049,0,0,FALSE,1,0,0,0
137,1355895222673297410id,The same Fauci who once said a mask was dangerous now says use 2 masks. Will 2 pair of glasses make us see better?… https://t.co/NubRYFsDPo,Gov. Mike Huckabee,"Hosts “Huckabee"" on TBN Sat 8/11pm ET, Sun9pm ET;Fox News contributor, author, Fmr AR Gov, Bass Guitarist, grandfather of 7 cutest kids in world!",GovMikeHuckabee,TRUE,1658216,TRUE,[],FALSE,https://twitter.com/i/web/status/1355895222673297410,1026,4234,FALSE,1,0,1,1
138,1356667962833465352id,"JUST IN: Pete Buttigieg Officially Confirmed by Senate as Secretary of Transportation, making him first openly LGBT… https://t.co/A6bGmxuPUk",Joyce Karam,"Senior Correspondent, The National @TheNationalNews | Adjunct Professor at George Washington University https://t.co/ibF45SCVhu RT≠ Endorsement",Joyce_Karam,TRUE,126717,TRUE,[],FALSE,https://twitter.com/i/web/status/1356667962833465352,95,488,,1,0,0,0
139,1375276181034045441id,The Republican who is sitting in Stacey Abrams’ chair just signed a despicable voter suppression bill into law to t… https://t.co/4k9Zq2jtvD,Elizabeth Warren,"U.S. Senator, Massachusetts. She/her/hers. Official Senate account.",SenWarren,TRUE,6938187,TRUE,[],FALSE,https://twitter.com/i/web/status/1375276181034045441,7883,28638,FALSE,0,1,1,1
140,1354112418276728832id,"Words can create a more inclusive world, or perpetuate oppression.

Calling someone an animal as an insult reinforc… https://t.co/E8UAVNzMSL",PETA,"Animals are not ours to experiment on, eat, wear, use for entertainment, or abuse in any other way. #EndSpeciesism",peta,TRUE,1074373,TRUE,[],FALSE,https://twitter.com/i/web/status/1354112418276728832,1941,5711,FALSE,1,1,0,1
141,1362116845310857219id,"If you want to add helpful context to any Tweet that might be misleading, open the ••• menu and then hit ""Contribut… https://t.co/Aeyl5xJ8gh",Birdwatch,"Empowering the Twitter community to create a better-informed world.

Questions? Tweet/DM us.",birdwatch,TRUE,26448,TRUE,[],FALSE,https://twitter.com/i/web/status/1362116845310857219,0,0,FALSE,1,1,1,1
142,1370126045119016963id,"If you want to add helpful context to any Tweet that might be misleading, open the ••• menu and then hit ""Contribut… https://t.co/z38dwFSCdp",Birdwatch,"Empowering the Twitter community to create a better-informed world.

Questions? Tweet/DM us.",birdwatch,TRUE,26448,TRUE,[],FALSE,https://twitter.com/i/web/status/1370126045119016963,0,0,FALSE,1,1,1,1
143,1355275091509182466id,Far-right extremists use GameStop chaos to radicalize and recruit on Telegram https://t.co/xzXVCABmt1,Newsweek,The freedom to disagree.,Newsweek,TRUE,3452764,TRUE,[],FALSE,https://www.newsweek.com/far-right-extremists-use-gamestop-chaos-radicalize-recruit-telegram-1565355?utm_term=Autofeed&utm_medium=Social&utm_source=Twitter#Echobox=1611923604,149,388,FALSE,0,1,0,0
144,1375205784418615297id,"If you want to add helpful context to any Tweet that might be misleading, open the ••• menu and then hit ""Contribut… https://t.co/zZOvLMzOLr",Birdwatch,"Empowering the Twitter community to create a better-informed world.

Questions? Tweet/DM us.",birdwatch,TRUE,26448,TRUE,[],FALSE,https://twitter.com/i/web/status/1375205784418615297,0,0,FALSE,1,1,1,1
145,1362814591940648960id,,,,,,,,,,,,,,0,0,0,0
146,1354861397272715266id,@zackcerza Welcome to Birdwatch! 🎉 You can now help identify and add valuable context to misleading Tweets. We wrot… https://t.co/eTcjqdllwz,Birdwatch,"Empowering the Twitter community to create a better-informed world.

Questions? Tweet/DM us.",birdwatch,TRUE,26448,TRUE,[],FALSE,https://twitter.com/i/web/status/1354861397272715266,0,0,FALSE,1,1,1,1
147,1361309195660853249id,"So California is requiring signature verification for Gavin Newsom’s recall, but didn’t require it for the mail in ballots. How strange",Kevin Sorbo,"Actor, director, producer, author. Click the link to see me on Locals",ksorbs,TRUE,590469,TRUE,[],FALSE,,26373,117291,,0,0,0,0
148,1375206820193574916id,"If you want to add helpful context to any Tweet that might be misleading, open the ••• menu and then hit ""Contribut… https://t.co/H5zpppy2GE",Birdwatch,"Empowering the Twitter community to create a better-informed world.

Questions? Tweet/DM us.",birdwatch,TRUE,26448,TRUE,[],FALSE,https://twitter.com/i/web/status/1375206820193574916,0,0,FALSE,1,1,1,1
149,1375867550173700101id,Just FYI: The ban on food and water at polling locations in Georgia only applies within 150ft feet of the poll loca… https://t.co/ignX1WoLTf,Erick Erickson,You can listen every day live 9am to 12pm ET at https://t.co/jdH7x7ik79,EWErickson,TRUE,199322,TRUE,[],FALSE,https://twitter.com/i/web/status/1375867550173700101,690,2855,,1,1,0,1
150,1354861112026533889id,"If you want to add helpful context to any Tweet that might be misleading, open the ••• menu and then hit ""Contribut… https://t.co/H2fL7y733T",Birdwatch,"Empowering the Twitter community to create a better-informed world.

Questions? Tweet/DM us.",birdwatch,TRUE,26448,TRUE,[],FALSE,https://twitter.com/i/web/status/1354861112026533889,0,0,FALSE,1,1,1,1
151,1362116401276723211id,"If you want to add helpful context to any Tweet that might be misleading, open the ••• menu and then hit ""Contribut… https://t.co/3pzVVi5lAF",Birdwatch,"Empowering the Twitter community to create a better-informed world.

Questions? Tweet/DM us.",birdwatch,TRUE,26448,TRUE,[],FALSE,https://twitter.com/i/web/status/1362116401276723211,0,0,FALSE,1,1,1,1
152,1354493092481495042id,"Joe Biden issued an executive order yesterday that would ban use of the term China virus.

It’s not yet clear how t… https://t.co/fPReOWQoef",Lauren Boebert,Lauren Boebert for Congress Account: Congressman for CO-03. Owner of Shooters Grill. I’m the mom who told Beto HELL NO you’re not taking our guns!,laurenboebert,TRUE,603174,TRUE,[],FALSE,https://twitter.com/i/web/status/1354493092481495042,7979,35509,,0,1,0,0
153,1361903282667589634id,The infrastructure failures in Texas are quite literally what happens when you *don’t* pursue a Green New Deal.,Alexandria Ocasio-Cortez,"US Representative,NY-14 (BX & Queens). In a modern, moral, & wealthy society, no American should be too poor to live. 💯% People-Funded, no lobbyist💰. She/her.",AOC,TRUE,12735315,TRUE,[],FALSE,,53731,428421,,0,1,1,1
154,1356670734903500805id,"NEW: Former 2020 presidential candidate and South Bend, Indiana, Mayor Pete Buttigieg makes history as the first op… https://t.co/mLfWZJCwLv",ABC News,"All the news and information you need to see, curated by the @ABC News team. Watch full ABC News broadcasts on @Hulu: https://t.co/w3wQ1O1Szs",ABC,TRUE,16653417,TRUE,[],FALSE,https://twitter.com/i/web/status/1356670734903500805,556,4903,FALSE,1,0,0,0
155,1352796618504892420id,Coming from the mayor’s office soon. They want to convert all of our water fountains from still to sparkling! https://t.co/c4Fwb75lLB,Birdwatch Example,🐦⌚️,bwatchexample,FALSE,333,FALSE,[],FALSE,,21,148,FALSE,1,0,0,0
156,1376753301014732803id,Black on Asian crimes only occur because of our system of white supremacy that strips African Americans of their ec… https://t.co/5LftNwBjKz,"Eugene Gu, MD","Founder and CEO of https://t.co/UuuUYuZTcj. With our team of Stanford trained doctors, we’re fighting the coronavirus pandemic and tobacco addiction through telemedicine.",eugenegu,TRUE,504061,TRUE,[],FALSE,https://twitter.com/i/web/status/1376753301014732803,388,2035,,0,0,0,0
157,1364825561038786560id,CHALRES I SWEAR https://t.co/FUdQrDnJx2,Kyle Harris,Actor x Writer x https://t.co/l27Jch8h0g,itskyleharris,TRUE,26999,TRUE,[],FALSE,,0,12,FALSE,1,1,1,1
158,1362116845306736641id,"If you want to add helpful context to any Tweet that might be misleading, open the ••• menu and then hit ""Contribut… https://t.co/cqEm9bAnyQ",Birdwatch,"Empowering the Twitter community to create a better-informed world.

Questions? Tweet/DM us.",birdwatch,TRUE,26448,TRUE,[],FALSE,https://twitter.com/i/web/status/1362116845306736641,0,0,FALSE,1,1,1,1
159,1354547398618578950id,"Barstool Sports, notorious for its fanbase's campaigns of concentrated harassment, has been attacking the NWHL this… https://t.co/HqOC4TBsR0",VICE World News,Original reporting on everything that matters.,VICEWorldNews,TRUE,13245,TRUE,[],FALSE,https://twitter.com/i/web/status/1354547398618578950,20,120,FALSE,1,0,0,0
160,1354845001512054784id,FLASHBACK: Candidate Biden Says ‘You Can’t Legislate by Executive Order Unless You’re a Dictator’ https://t.co/ZTCwXxmvCX,Sean Hannity,"TV Host Fox News Channel 9 PM EST. Nationally Syndicated Radio Host 3-6 PM EST. https://t.co/z23FRgA02S Retweets, Follows NOT endorsements! Due to hackings, no DM’s!",seanhannity,TRUE,5357593,TRUE,[],FALSE,https://hann.it/3t5buVK,3185,8404,FALSE,0,1,1,1
161,1354861395695656960id,@pithyaphorism Welcome to Birdwatch! 🎉 You can now help identify and add valuable context to misleading Tweets. We… https://t.co/cubS9wpUHA,Birdwatch,"Empowering the Twitter community to create a better-informed world.

Questions? Tweet/DM us.",birdwatch,TRUE,26448,TRUE,[],FALSE,https://twitter.com/i/web/status/1354861395695656960,0,0,FALSE,1,1,1,1
162,1375206545223417859id,"If you want to add helpful context to any Tweet that might be misleading, open the ••• menu and then hit ""Contribut… https://t.co/jbeNYY4ibb",Birdwatch,"Empowering the Twitter community to create a better-informed world.

Questions? Tweet/DM us.",birdwatch,TRUE,26448,TRUE,[],FALSE,https://twitter.com/i/web/status/1375206545223417859,0,0,FALSE,1,1,1,1
163,1354861397419520000id,@ryanjones123452 Welcome to Birdwatch! 🎉 You can now help identify and add valuable context to misleading Tweets. W… https://t.co/OKQEUOyj17,Birdwatch,"Empowering the Twitter community to create a better-informed world.

Questions? Tweet/DM us.",birdwatch,TRUE,26448,TRUE,[],FALSE,https://twitter.com/i/web/status/1354861397419520000,0,0,FALSE,1,1,1,1
164,1358860764732350465id,memes have expiration dates,Twitter,What's happening?!,Twitter,TRUE,59382878,TRUE,[],FALSE,,26403,269845,,1,1,1,1
165,1376258164874698758id,NEW - Biden admin is set to launch a #COVID19 passport that Americans must have to engage in commerce and would tra… https://t.co/rEcxjVW81j,Disclose.tv 🚨,Observe together how world events unfold in the great theater of our time.,disclosetv,FALSE,477345,FALSE,[],FALSE,https://twitter.com/i/web/status/1376258164874698758,4646,7303,,0,0,0,0
166,1372686805498220547id,"""Although scientists don’t quite understand why, kids seem to be naturally protected. As a result, you can think of… https://t.co/evlxxeyHyi",The Atlantic,"Politics, culture, business, science, technology, health, education, global affairs, more. For assistance, visit https://t.co/j2epQBorJZ",TheAtlantic,TRUE,2104527,TRUE,[],FALSE,https://twitter.com/i/web/status/1372686805498220547,110,473,FALSE,1,0,0,0
167,1354861397717340160id,"If you want to add helpful context to any Tweet that might be misleading, open the ••• menu and then hit ""Contribut… https://t.co/vCo882a0Zl",Birdwatch,"Empowering the Twitter community to create a better-informed world.

Questions? Tweet/DM us.",birdwatch,TRUE,26448,TRUE,[],FALSE,https://twitter.com/i/web/status/1354861397717340160,0,1,FALSE,0,1,1,1
168,1378849441357123593id,Campaign finance reports obtained by 60 Minutes show that weeks before Florida Governor Ron DeSantis announced a pa… https://t.co/rLhHcwNAgq,60 Minutes,"The most successful news magazine in TV history, offering hard-hitting investigative reports, interviews, feature segments and profiles of people in the news.",60Minutes,TRUE,1192537,TRUE,[],FALSE,https://twitter.com/i/web/status/1378849441357123593,12321,21940,FALSE,1,1,1,1
169,1357078980197810179id,"On a day in which #AlexandriaOcasioSmollett is trending, please never forget the time that @AOC staged a photo shoo… https://t.co/TmXZMnWTOe",Candace Owens,New York Times best-selling author. Founder of @BLEXIT organization. Black people don’t have to be Democrats— still.,RealCandaceO,TRUE,2705355,TRUE,[],FALSE,https://twitter.com/i/web/status/1357078980197810179,25788,77182,FALSE,0,0,0,0
170,1357422023287341057id,"If you want to add helpful context to any Tweet that might be misleading, open the ••• menu and then hit ""Contribut… https://t.co/Q4EAzXErC5",Birdwatch,"Empowering the Twitter community to create a better-informed world.

Questions? Tweet/DM us.",birdwatch,TRUE,26448,TRUE,[],FALSE,https://twitter.com/i/web/status/1357422023287341057,0,0,FALSE,1,1,1,1
171,1375206012009910272id,"@ShaneIsGames Welcome to Birdwatch! 🎉 You can now add context to Tweets, and rate notes on the Birdwatch site. Chec… https://t.co/PeAmVEZB11",Birdwatch,"Empowering the Twitter community to create a better-informed world.

Questions? Tweet/DM us.",birdwatch,TRUE,26448,TRUE,[],FALSE,https://twitter.com/i/web/status/1375206012009910272,0,0,FALSE,1,1,1,1
172,1357714538783727618id,I don't think this even matters at this point. Time magazine just came out said that a cabal of elites rigged the e… https://t.co/5z4XeJwQRY,Tim Pool,"Journalist, Disaffected Liberal, Commentator, Filmmaker, Skateboarder, Musician | Former VICE, Fusion",Timcast,TRUE,815522,TRUE,[],FALSE,https://twitter.com/i/web/status/1357714538783727618,0,0,FALSE,0,0,0,0
173,1354830792095002628id,"If you want to add helpful context to any Tweet that might be misleading, open the ••• menu and then hit ""Contribut… https://t.co/mx0HTAgGfd",Birdwatch,"Empowering the Twitter community to create a better-informed world.

Questions? Tweet/DM us.",birdwatch,TRUE,26448,TRUE,[],FALSE,https://twitter.com/i/web/status/1354830792095002628,0,0,FALSE,1,1,1,1
174,1354830802358419463id,"If you want to add helpful context to any Tweet that might be misleading, open the ••• menu and then hit ""Contribut… https://t.co/LekAfml8C6",Birdwatch,"Empowering the Twitter community to create a better-informed world.

Questions? Tweet/DM us.",birdwatch,TRUE,26448,TRUE,[],FALSE,https://twitter.com/i/web/status/1354830802358419463,0,0,FALSE,1,1,1,1
175,1375138423623843841id,"President Biden begins his first press conference by touting the rate of vaccines being administered, a feet solely… https://t.co/zBrn4RDeVf",Kayleigh McEnany,"Co-Host @OutnumberedFNC, @FoxNews. Fmr White House Press Secretary. Harvard Law JD. Georgetown. Oxford. Previvor. Wife of @GilmartinSean. Mom of #BabyBlake.",kayleighmcenany,TRUE,1996069,TRUE,[],FALSE,https://twitter.com/i/web/status/1375138423623843841,10777,73881,,1,0,0,0
176,1357422020057722880id,"@AmanteaAmantea Welcome to Birdwatch! 🎉 You can now add context to Tweets, and rate notes on the Birdwatch site. Ch… https://t.co/FEuVvcJJ9z",Birdwatch,"Empowering the Twitter community to create a better-informed world.

Questions? Tweet/DM us.",birdwatch,TRUE,26448,TRUE,[],FALSE,https://twitter.com/i/web/status/1357422020057722880,0,0,FALSE,1,1,1,1
177,1370110240532930563id,NO WAYY WHY IS NOONE TALKING ABOUT THIS https://t.co/Jv3a9cIw7j,zyye,"i make minecraft videos to 150k people 😌

he/him",zyyes,FALSE,5253,FALSE,[],FALSE,,1048,14511,FALSE,0,0,0,0
178,1354830787724537857id,@JeremyABrowning Welcome to Birdwatch! 🎉 You can now help identify and add valuable context to misleading Tweets. W… https://t.co/6GEtIBJ3bc,Birdwatch,"Empowering the Twitter community to create a better-informed world.

Questions? Tweet/DM us.",birdwatch,TRUE,26448,TRUE,[],FALSE,https://twitter.com/i/web/status/1354830787724537857,0,0,FALSE,1,1,1,1
179,1354827996960579584id,"تیتر CNN: «دوران پساترامپ در حزب جمهوریخواه یک هفته طول کشید». 

بعد از یک هفته رهبران حزب از محکوم کردن ترامپ به ح… https://t.co/8scIcAph6W",Pooya,وکیل ایرانی در آمریکا,i_am_pooya,FALSE,3555,FALSE,[],FALSE,https://twitter.com/i/web/status/1354827996960579584,0,35,FALSE,1,0,0,0
180,1362116845306716160id,"If you want to add helpful context to any Tweet that might be misleading, open the ••• menu and then hit ""Contribut… https://t.co/qI6a7sa36f",Birdwatch,"Empowering the Twitter community to create a better-informed world.

Questions? Tweet/DM us.",birdwatch,TRUE,26448,TRUE,[],FALSE,https://twitter.com/i/web/status/1362116845306716160,0,0,FALSE,1,1,1,1
181,1381784220004085770id,"The county medical examiner has ruled the police shooting of Daunte Wright was a homicide.

Daunte Wright was murde… https://t.co/sr0dBuTDW8",Eric Holthaus,"""Rebel Nerd of Meteorology” –Rolling Stone | Founder @tmrw_hq | https://t.co/mvgvljbNyc | THE FUTURE EARTH | he/him | ecosocialist🌹🌍❤️ | #actuallyautistic",EricHolthaus,TRUE,493350,TRUE,[],FALSE,https://twitter.com/i/web/status/1381784220004085770,39,185,,1,1,0,1
182,1364240937967362050id,,,,,,,,,,,,,,0,0,0,0
183,1354584088594669572id,"If you want to add helpful context to any Tweet that might be misleading, open the ••• menu and then hit ""Contribut… https://t.co/sP594p53DL",Birdwatch,"Empowering the Twitter community to create a better-informed world.

Questions? Tweet/DM us.",birdwatch,TRUE,26448,TRUE,[],FALSE,https://twitter.com/i/web/status/1354584088594669572,0,0,FALSE,1,1,1,1
184,1358829933414535172id,Did y’all know this ? https://t.co/Odte32Zt9Z,DOMODADONN🌚,AMOS (DomoDaDonn) ARIES ♈️ Investor 📈 Binary Options DM Me to learn how to make money in minutes 💰 ❗️Aries ☀️ Virgo 🌙 Pisces 💫,DomoDaDonn,FALSE,8690,FALSE,[],FALSE,,14381,40638,FALSE,1,1,0,1
185,1357422023639670785id,"If you want to add helpful context to any Tweet that might be misleading, open the ••• menu and then hit ""Contribut… https://t.co/giZVUntuWT",Birdwatch,"Empowering the Twitter community to create a better-informed world.

Questions? Tweet/DM us.",birdwatch,TRUE,26448,TRUE,[],FALSE,https://twitter.com/i/web/status/1357422023639670785,0,0,FALSE,1,1,1,1
186,1362116401050255364id,"If you want to add helpful context to any Tweet that might be misleading, open the ••• menu and then hit ""Contribut… https://t.co/Yy5zeB5jZq",Birdwatch,"Empowering the Twitter community to create a better-informed world.

Questions? Tweet/DM us.",birdwatch,TRUE,26448,TRUE,[],FALSE,https://twitter.com/i/web/status/1362116401050255364,0,0,FALSE,1,1,1,1
187,1357421548815089665id,"If you want to add helpful context to any Tweet that might be misleading, open the ••• menu and then hit ""Contribut… https://t.co/r5C763Gqec",Birdwatch,"Empowering the Twitter community to create a better-informed world.

Questions? Tweet/DM us.",birdwatch,TRUE,26448,TRUE,[],FALSE,https://twitter.com/i/web/status/1357421548815089665,0,1,FALSE,1,1,1,1
188,1354866399664082950id,👇🏾was on the nra's payroll to help flood the country with the kind of guns that shot scalise https://t.co/b67CG4Fxmr,Oliver Willis,Senior Writer @AmerIndependent. Prev @mmfa.  Get news daily at https://t.co/q7JMFdCl9l,owillis,TRUE,143797,TRUE,[],FALSE,https://twitter.com/DLoesch/status/1354852992181301251,70,297,FALSE,1,1,0,1
189,1376398251537104896id,,,,,,,,,,,,,,0,0,0,0
190,1375164163891232768id,President Biden did a terrific job at the #bidenpressconference. He explained the actions his Administration took t… https://t.co/mVxFPxVXTd,Ted Lieu,"Husband of Betty, the love of my life. Father of two great kids. USAF veteran. Member of Congress. In that order. Also, empathy is good.",tedlieu,TRUE,1634426,TRUE,[],FALSE,https://twitter.com/i/web/status/1375164163891232768,1279,7753,FALSE,1,1,1,1
191,1357444359118090241id,Still thinking about Jack's scooter https://t.co/RJoHtyzhGE,MrStuff,,MrStuff17,FALSE,625,FALSE,[],FALSE,,0,8,FALSE,1,1,1,1
192,1357421548487856128id,"If you want to add helpful context to any Tweet that might be misleading, open the ••• menu and then hit ""Contribut… https://t.co/ICg7DnvIIN",Birdwatch,"Empowering the Twitter community to create a better-informed world.

Questions? Tweet/DM us.",birdwatch,TRUE,26448,TRUE,[],FALSE,https://twitter.com/i/web/status/1357421548487856128,0,0,FALSE,1,1,1,1
193,1379081137855688710id,These vaccine passports segregate people and strip them of their freedom to travel internationally. Vaccinations ar… https://t.co/7IM2anyzEz,Dr. Drew,Board Certified Internist • Addiction Medicine Specialist • TV Host / Podcaster • @AskDrDrew #AdamAndDrewShow #DoseOfDrDrew #YMH #DrDrewAfterDark & MTV #TeenMom,drdrew,TRUE,2675563,TRUE,[],FALSE,https://twitter.com/i/web/status/1379081137855688710,977,5841,,0,0,0,0
194,1354861396622622720id,@mtarlton3 Welcome to Birdwatch! 🎉 You can now help identify and add valuable context to misleading Tweets. We wrot… https://t.co/IwMKTqo5gK,Birdwatch,"Empowering the Twitter community to create a better-informed world.

Questions? Tweet/DM us.",birdwatch,TRUE,26448,TRUE,[],FALSE,https://twitter.com/i/web/status/1354861396622622720,0,1,FALSE,1,1,1,1
195,1354861397029527558id,@Weain_tFree Welcome to Birdwatch! 🎉 You can now help identify and add valuable context to misleading Tweets. We wr… https://t.co/OZ7rvgNRsF,Birdwatch,"Empowering the Twitter community to create a better-informed world.

Questions? Tweet/DM us.",birdwatch,TRUE,26448,TRUE,[],FALSE,https://twitter.com/i/web/status/1354861397029527558,0,0,FALSE,1,1,1,1
196,1371530877033979906id,BREAKING: The Washington Post just RETRACTED their story on Trump’s phone call with Georgia’s Secretary of State.… https://t.co/FDhdO2Jbxu,Madison Cawthorn,"Conservative • Business Owner • Political Activist • I love people, food and our country • Congressman for NC-11",CawthornforNC,TRUE,276300,TRUE,[],FALSE,https://twitter.com/i/web/status/1371530877033979906,9330,15608,FALSE,0,0,0,0
197,1354830802433892353id,"If you want to add helpful context to any Tweet that might be misleading, open the ••• menu and then hit ""Contribut… https://t.co/Nl3VOPiy3P",Birdwatch,"Empowering the Twitter community to create a better-informed world.

Questions? Tweet/DM us.",birdwatch,TRUE,26448,TRUE,[],FALSE,https://twitter.com/i/web/status/1354830802433892353,0,0,FALSE,1,1,1,1
198,1357421076548997120id,"If you want to add helpful context to any Tweet that might be misleading, open the ••• menu and then hit ""Contribut… https://t.co/Cjhq6cHXAd",Birdwatch,"Empowering the Twitter community to create a better-informed world.

Questions? Tweet/DM us.",birdwatch,TRUE,26448,TRUE,[],FALSE,https://twitter.com/i/web/status/1357421076548997120,0,0,FALSE,1,1,1,1
199,1375881068847509504id,"Police said the girls, 13 and 15, assaulted an Uber Eats driver with a Taser while carjacking him, which led to an… https://t.co/THc9u7xJN5",CNN,It’s our job to #GoThere & tell the most difficult stories. Join us! For more breaking news updates follow @CNNBRK & download our app https://t.co/UCHG9M367J,CNN,TRUE,53826821,TRUE,[],FALSE,https://twitter.com/i/web/status/1375881068847509504,4193,9964,FALSE,1,1,1,1
